{"theta0": 7.772560373098257e-16, "theta1": -0.9412495316570262, "mileage_mean": 94036.14867564185, "mileage_std": 59199.645326498074, "price_mean": 17474.947385613934, "price_std": 5320.522740378794, "trained": true}